{
  "accuracy": 0.785,
  "bleu1": 0.8275,
  "rouge_l": 0.805952380952381,
  "token_f1": 0.824047619047619,
  "n_samples": 200,
  "accuracy_open": 0.7384615384615385,
  "n_samples_open": 130,
  "accuracy_closed": 0.8714285714285714,
  "n_samples_closed": 70
}